-- ============================================================
--  SEED_ALMOXARIFADO_GILFER  -  Populacao de dados (schema v4)
--  Empresa ficticia: Construtora GILFER (medio porte / sudoeste BA)
--  Simulacao de 14 dias de operacao: 2026-06-02 a 2026-06-15
--
--  RESUMO DOS DADOS:
--    Cargos............: 10
--    Funcionarios......: 18  (com login: 11)
--    Fornecedores......: 9
--    Almoxarifados.....: 4 (1 sede + 3 obras)
--    Produtos..........: 38
--    Compras...........: 12  (RECEBIDO 9 / PENDENTE 2 / CANCELADO 1)
--    Saidas............: 49  (CONSUMO 42 / TRANSFERENCIA 7)
--    Linhas de Estoque.: 123
--
--  INVARIANTES GARANTIDAS PELO GERADOR:
--    * Estoque final = inicial + compras RECEBIDAS + transf. recebidas
--                      - consumo - transf. enviadas. (PENDENTE/CANCELADO nao
--                      alteram estoque.)
--    * Nenhum saldo de estoque fica negativo em momento algum.
--    * CPF/CNPJ com digitos verificadores validos.
--    * FKs em ordem de dependencia; idempotente via DELETE inicial.
--
--  COMO USAR: rode APOS criar o schema com
--             CREATE_DB_ALMOXARIFADO_GILFER_v4.sql
-- ============================================================

SET NAMES utf8mb4;
SET FOREIGN_KEY_CHECKS = 0;

-- Limpeza para reexecucao idempotente (ordem inversa de dependencia)
DELETE FROM Saida_Item;
DELETE FROM Saida;
DELETE FROM Item_Compra;
DELETE FROM Compra;
DELETE FROM Estoque;
DELETE FROM Gestao_Almoxarifado;
DELETE FROM Produto_Fornecedor;
DELETE FROM Telefone_Almoxarifado;
DELETE FROM Almoxarifado;
DELETE FROM Endereco_Almoxarifado;
DELETE FROM Produtos;
DELETE FROM Usuarios_Sistema;
DELETE FROM Funcionarios;
DELETE FROM Cargos;
DELETE FROM Endereco_Fornecedor;
DELETE FROM Telefone_Fornecedor;
DELETE FROM Fornecedores;

SET FOREIGN_KEY_CHECKS = 1;

START TRANSACTION;

INSERT INTO Cargos (id_cargo, nome_cargo) VALUES
  (1, 'Gerente de Suprimentos'),
  (2, 'Comprador'),
  (3, 'Almoxarife'),
  (4, 'Auxiliar de Almoxarifado'),
  (5, 'Engenheiro Civil'),
  (6, 'Mestre de Obras'),
  (7, 'Encarregado'),
  (8, 'Pedreiro'),
  (9, 'Eletricista'),
  (10, 'Servente');

INSERT INTO Funcionarios (id_funcionario, nome, cpf, email, id_cargo, is_active) VALUES
  ('c602b1f9-19dd-54ac-a1f6-78d5e4ed9590', 'Ricardo Almeida Souza', '10000000019', 'ricardo.souza@construtoragilfer.com.br', 1, 1),
  ('9f2404b5-2d2e-595c-adaa-fb01b399752d', 'Patricia Gomes Ferreira', '10111111102', 'patricia.ferreira@construtoragilfer.com.br', 2, 1),
  ('6ba32359-f542-533f-940d-7fcaa381b0fd', 'Marcelo Dias Carvalho', '10222222280', 'marcelo.carvalho@construtoragilfer.com.br', 2, 1),
  ('46bc3951-eaa9-5d9b-862c-4db5d3cbeccc', 'Juliana Rocha Lima', '10333333365', 'juliana.lima@construtoragilfer.com.br', 3, 1),
  ('81e048f9-d58b-54f4-b7dc-e1613e489bdc', 'Anderson Pereira Nunes', '10444444440', 'anderson.nunes@construtoragilfer.com.br', 3, 1),
  ('98f63ed8-edb2-574b-a928-084fbaee7885', 'Fernanda Oliveira Castro', '10555555526', 'fernanda.castro@construtoragilfer.com.br', 3, 1),
  ('e08024c2-4ed1-509b-a0d5-44981e48083e', 'Bruno Teixeira Ramos', '10666666601', 'bruno.ramos@construtoragilfer.com.br', 4, 1),
  ('94e0f950-1ea8-5bff-baff-f9d54f64c511', 'Camila Santos Barbosa', '10777777797', 'camila.barbosa@construtoragilfer.com.br', 4, 1),
  ('40dd10a2-f56c-516e-a03e-bf9cbe559485', 'Diego Martins Azevedo', '10888888872', 'diego.azevedo@construtoragilfer.com.br', 4, 1),
  ('4a27085d-f2e2-5038-9fe0-ab12b5fc6ce4', 'Tatiane Ribeiro Moraes', '10999999958', 'tatiane.moraes@construtoragilfer.com.br', 5, 1),
  ('3ced051d-4eb0-5e3f-8b9d-becb09f43797', 'Roberto Cardoso Pinto', '11111111030', 'roberto.pinto@construtoragilfer.com.br', 5, 1),
  ('397d186b-6d26-5819-9b48-ce1ab377cae0', 'Sergio Mendes Farias', '11222222116', 'sergio.farias@construtoragilfer.com.br', 6, 1),
  ('776d9dcd-7977-5808-a644-33267d6de716', 'Luiz Henrique Costa', '11333333200', 'luiz.costa@construtoragilfer.com.br', 6, 1),
  ('16024e58-f38c-542e-8b5c-8d0d192b1827', 'Paulo Vieira Andrade', '11444444387', 'paulo.andrade@construtoragilfer.com.br', 7, 1),
  ('579ac662-73a1-56ef-8e36-bb8069002296', 'Cristiano Lopes Tavares', '11555555462', 'cristiano.tavares@construtoragilfer.com.br', 9, 1),
  ('cfbbdb8b-330f-5a98-a7bf-ff1e7c5b925a', 'Wesley Araujo Cunha', '11666666548', 'wesley.cunha@construtoragilfer.com.br', 8, 1),
  ('e8644a95-5fa6-53a2-b3f6-03d5d09bd941', 'Edson Batista Freitas', '11777777623', 'edson.freitas@construtoragilfer.com.br', 8, 1),
  ('efd01090-7342-52b3-a1b8-428653846195', 'Marcos Antonio Silveira', '11888888709', 'marcos.silveira@construtoragilfer.com.br', 10, 1);

INSERT INTO Usuarios_Sistema (id_funcionario, password_hash, access_level, bloqueado) VALUES
  ('c602b1f9-19dd-54ac-a1f6-78d5e4ed9590', '$2b$10$N9qo8uLOickgx2ZMRZoMy.MH/rI5bQ1n3a1QyqWuY1J4hN0v5sQxK', 'CENTRAL', 0),
  ('9f2404b5-2d2e-595c-adaa-fb01b399752d', '$2b$10$N9qo8uLOickgx2ZMRZoMy.MH/rI5bQ1n3a1QyqWuY1J4hN0v5sQxK', 'CENTRAL', 0),
  ('6ba32359-f542-533f-940d-7fcaa381b0fd', '$2b$10$N9qo8uLOickgx2ZMRZoMy.MH/rI5bQ1n3a1QyqWuY1J4hN0v5sQxK', 'ALMOXARIFE', 0),
  ('46bc3951-eaa9-5d9b-862c-4db5d3cbeccc', '$2b$10$N9qo8uLOickgx2ZMRZoMy.MH/rI5bQ1n3a1QyqWuY1J4hN0v5sQxK', 'ALMOXARIFE', 0),
  ('81e048f9-d58b-54f4-b7dc-e1613e489bdc', '$2b$10$N9qo8uLOickgx2ZMRZoMy.MH/rI5bQ1n3a1QyqWuY1J4hN0v5sQxK', 'ALMOXARIFE', 0),
  ('98f63ed8-edb2-574b-a928-084fbaee7885', '$2b$10$N9qo8uLOickgx2ZMRZoMy.MH/rI5bQ1n3a1QyqWuY1J4hN0v5sQxK', 'ALMOXARIFE', 0),
  ('e08024c2-4ed1-509b-a0d5-44981e48083e', '$2b$10$N9qo8uLOickgx2ZMRZoMy.MH/rI5bQ1n3a1QyqWuY1J4hN0v5sQxK', 'AUXILIAR', 0),
  ('94e0f950-1ea8-5bff-baff-f9d54f64c511', '$2b$10$N9qo8uLOickgx2ZMRZoMy.MH/rI5bQ1n3a1QyqWuY1J4hN0v5sQxK', 'AUXILIAR', 0),
  ('40dd10a2-f56c-516e-a03e-bf9cbe559485', '$2b$10$N9qo8uLOickgx2ZMRZoMy.MH/rI5bQ1n3a1QyqWuY1J4hN0v5sQxK', 'AUXILIAR', 0),
  ('4a27085d-f2e2-5038-9fe0-ab12b5fc6ce4', '$2b$10$N9qo8uLOickgx2ZMRZoMy.MH/rI5bQ1n3a1QyqWuY1J4hN0v5sQxK', 'CONSULTA', 0),
  ('3ced051d-4eb0-5e3f-8b9d-becb09f43797', '$2b$10$N9qo8uLOickgx2ZMRZoMy.MH/rI5bQ1n3a1QyqWuY1J4hN0v5sQxK', 'CONSULTA', 0);

INSERT INTO Fornecedores (id_fornecedor, razao_social, nome_fantasia, cnpj, email, ativo) VALUES
  (1, 'Cimentos Bahia Industria e Comercio Ltda', 'CimentoBA', '12000000000170', 'contato@cimentoba.com.br', 1),
  (2, 'Acos do Sertao Distribuidora S.A.', 'AcoSertao', '12000137000125', 'contato@acosertao.com.br', 1),
  (3, 'Mineradora Agregados Sudoeste Ltda', 'Agregados Sul', '12000274000160', 'contato@agregadossul.com.br', 1),
  (4, 'Hidromax Materiais Hidraulicos Ltda', 'Hidromax', '12000411000166', 'contato@hidromax.com.br', 1),
  (5, 'Eletro Conquista Componentes Ltda', 'EletroVC', '12000548000110', 'contato@eletrovc.com.br', 1),
  (6, 'Tintas Cor Forte Comercio Ltda', 'Cor Forte', '12000685000155', 'contato@corforte.com.br', 1),
  (7, 'Ferramentas Pro Construcao Ltda', 'FerraPro', '12000822000151', 'contato@ferrapro.com.br', 1),
  (8, 'Madeireira Planalto Ltda', 'Madeplan', '12000959000106', 'contato@madeplan.com.br', 1),
  (9, 'Seguranca Total EPI Distribuidora Ltda', 'SegTotal', '12001096000191', 'contato@segtotal.com.br', 1);

INSERT INTO Telefone_Fornecedor (id_fornecedor, telefone) VALUES
  (1, '(77) 3170-4187'),
  (2, '(77) 3274-8349'),
  (2, '(77) 98186-3488'),
  (3, '(77) 3970-6487'),
  (4, '(77) 3256-6534'),
  (5, '(77) 3144-5108'),
  (6, '(77) 3798-9801'),
  (7, '(77) 3388-5775'),
  (7, '(77) 98086-9512'),
  (8, '(77) 3484-3094'),
  (9, '(77) 3685-5335');

INSERT INTO Endereco_Fornecedor (id_fornecedor, cep, logradouro, numero, complemento, bairro, cidade, estado) VALUES
  (1, '45000000', 'Avenida Olivia Flores', '462', NULL, 'Candeias', 'Vitoria da Conquista', 'BA'),
  (2, '46430000', 'Avenida Santos Dumont', '1534', NULL, 'Centro', 'Guanambi', 'BA'),
  (3, '46100000', 'Rua Marechal Deodoro', '1323', NULL, 'Centro', 'Brumado', 'BA'),
  (4, '45000000', 'Avenida Olivia Flores', '1273', NULL, 'Candeias', 'Vitoria da Conquista', 'BA'),
  (5, '46430000', 'Avenida Santos Dumont', '168', NULL, 'Centro', 'Guanambi', 'BA'),
  (6, '46300000', 'Praca Doutor Deraldo', '1755', NULL, 'Centro', 'Caculé', 'BA'),
  (7, '46430000', 'Avenida Santos Dumont', '503', NULL, 'Centro', 'Guanambi', 'BA'),
  (8, '46300000', 'Praca Doutor Deraldo', '1922', NULL, 'Centro', 'Caculé', 'BA'),
  (9, '46300000', 'Praca Doutor Deraldo', '704', NULL, 'Centro', 'Caculé', 'BA');

INSERT INTO Endereco_Almoxarifado (logradouro, numero, bairro, cidade, estado, cep) VALUES
  ('Avenida Olivia Flores', '862', 'Candeias', 'Vitoria da Conquista', 'BA', '45000000'),
  ('Avenida Olivia Flores', '451', 'Candeias', 'Vitoria da Conquista', 'BA', '45000000'),
  ('Avenida Santos Dumont', '834', 'Centro', 'Guanambi', 'BA', '46430000'),
  ('Rua Marechal Deodoro', '860', 'Centro', 'Brumado', 'BA', '46100000');

INSERT INTO Almoxarifado (cod_almoxarifado, nome, email, id_endereco, ativo) VALUES
  (1, 'Almoxarifado Central - Sede', 'almox1@construtoragilfer.com.br', 1, 1),
  (2, 'Obra Residencial Bela Vista', 'almox2@construtoragilfer.com.br', 2, 1),
  (3, 'Obra Comercial Centro Guanambi', 'almox3@construtoragilfer.com.br', 3, 1),
  (4, 'Obra Reforma Hospital Brumado', 'almox4@construtoragilfer.com.br', 4, 1);

INSERT INTO Telefone_Almoxarifado (cod_almoxarifado, telefone) VALUES
  (1, '(77) 3610-3310'),
  (2, '(77) 3844-7437'),
  (3, '(77) 3267-8352'),
  (4, '(77) 3765-3586');

INSERT INTO Gestao_Almoxarifado (id_funcionario, cod_almoxarifado) VALUES
  ('c602b1f9-19dd-54ac-a1f6-78d5e4ed9590', 1),
  ('46bc3951-eaa9-5d9b-862c-4db5d3cbeccc', 1),
  ('e08024c2-4ed1-509b-a0d5-44981e48083e', 1),
  ('81e048f9-d58b-54f4-b7dc-e1613e489bdc', 2),
  ('94e0f950-1ea8-5bff-baff-f9d54f64c511', 2),
  ('98f63ed8-edb2-574b-a928-084fbaee7885', 3),
  ('40dd10a2-f56c-516e-a03e-bf9cbe559485', 3),
  ('6ba32359-f542-533f-940d-7fcaa381b0fd', 4);

INSERT INTO Produtos (id_produto, nome, descricao, preco_custo, unidade_medida, estoque_minimo, estoque_maximo, ativo) VALUES
  (1, 'Cimento CP-II 50kg', 'Saco de cimento Portland CP-II-Z-32', '32.5000', 'SC', '100.000', '1200.000', 1),
  (2, 'Argamassa AC-II 20kg', 'Argamassa colante uso interno/externo', '18.9000', 'SC', '50.000', '600.000', 1),
  (3, 'Cal Hidratada 20kg', 'Cal hidratada CH-III para reboco', '14.2000', 'SC', '40.000', '500.000', 1),
  (4, 'Areia Media Lavada', 'Areia media lavada (m3)', '95.0000', 'M3', '10.000', '200.000', 1),
  (5, 'Brita 1', 'Brita graduada n1 (m3)', '110.0000', 'M3', '10.000', '180.000', 1),
  (6, 'Pedrisco', 'Pedrisco para concreto (m3)', '105.0000', 'M3', '5.000', '120.000', 1),
  (7, 'Vergalhao CA-50 8mm', 'Barra de aco nervurado 8mm 12m', '28.4000', 'BR', '60.000', '800.000', 1),
  (8, 'Vergalhao CA-50 10mm', 'Barra de aco nervurado 10mm 12m', '44.7000', 'BR', '60.000', '800.000', 1),
  (9, 'Vergalhao CA-50 12.5mm', 'Barra de aco nervurado 12.5mm 12m', '68.9000', 'BR', '40.000', '600.000', 1),
  (10, 'Arame Recozido 18', 'Rolo de arame recozido n18 1kg', '12.3000', 'KG', '30.000', '300.000', 1),
  (11, 'Tela Soldada Q138', 'Painel de tela soldada Q138 2x3m', '142.0000', 'PC', '10.000', '150.000', 1),
  (12, 'Tijolo Ceramico 9 furos', 'Tijolo ceramico 9 furos 9x19x19', '780.0000', 'MI', '5.000', '60.000', 1),
  (13, 'Bloco Concreto 14x19x39', 'Bloco estrutural de concreto', '3.8500', 'UN', '500.000', '8000.000', 1),
  (14, 'Telha Ceramica Colonial', 'Telha colonial 1a linha', '1450.0000', 'MI', '2.000', '30.000', 1),
  (15, 'Tubo PVC Esgoto 100mm', 'Tubo PVC serie normal 100mm 6m', '56.8000', 'BR', '20.000', '250.000', 1),
  (16, 'Tubo PVC Soldavel 25mm', 'Tubo PVC soldavel agua fria 25mm 6m', '18.4000', 'BR', '30.000', '300.000', 1),
  (17, 'Joelho 90 PVC 25mm', 'Conexao joelho 90 soldavel 25mm', '1.2000', 'UN', '200.000', '3000.000', 1),
  (18, 'Caixa Dagua 1000L', 'Reservatorio de polietileno 1000L', '389.0000', 'UN', '5.000', '60.000', 1),
  (19, 'Registro Gaveta 3/4', 'Registro de gaveta bruto 3/4', '34.5000', 'UN', '20.000', '200.000', 1),
  (20, 'Fio Flexivel 2.5mm', 'Cabo flexivel 2.5mm rolo 100m', '178.0000', 'RL', '10.000', '120.000', 1),
  (21, 'Fio Flexivel 4mm', 'Cabo flexivel 4mm rolo 100m', '289.0000', 'RL', '8.000', '90.000', 1),
  (22, 'Disjuntor Monopolar 20A', 'Disjuntor DIN monopolar 20A', '11.9000', 'UN', '30.000', '300.000', 1),
  (23, 'Eletroduto PVC 3/4', 'Eletroduto corrugado 3/4 25m', '42.0000', 'RL', '15.000', '150.000', 1),
  (24, 'Tomada 2P+T 10A', 'Tomada padrao brasileiro 10A', '7.4000', 'UN', '50.000', '600.000', 1),
  (25, 'Tinta Acrilica Branca 18L', 'Tinta acrilica fosca premium balde 18L', '245.0000', 'UN', '8.000', '100.000', 1),
  (26, 'Massa Corrida PVA 18L', 'Massa corrida para interior balde 18L', '78.0000', 'UN', '10.000', '120.000', 1),
  (27, 'Selador Acrilico 18L', 'Selador acrilico base agua balde 18L', '132.0000', 'UN', '6.000', '80.000', 1),
  (28, 'Rolo de Pintura 23cm', 'Rolo de la sintetica 23cm', '14.5000', 'UN', '20.000', '200.000', 1),
  (29, 'Tabua Pinus 2.5x30', 'Tabua de pinus 2.5x30cm 3m', '38.0000', 'UN', '30.000', '400.000', 1),
  (30, 'Sarrafo 2.5x5', 'Sarrafo de pinus 2.5x5cm 3m', '9.8000', 'UN', '50.000', '600.000', 1),
  (31, 'Compensado 12mm', 'Chapa compensado plastificado 12mm', '96.0000', 'PC', '20.000', '250.000', 1),
  (32, 'Prego 17x27', 'Prego com cabeca 17x27 caixa 1kg', '13.9000', 'CX', '30.000', '300.000', 1),
  (33, 'Furadeira Impacto 1/2', 'Furadeira de impacto 700W', '289.0000', 'UN', '4.000', '40.000', 1),
  (34, 'Disco Corte 7', 'Disco de corte 7 para serra', '8.9000', 'UN', '40.000', '400.000', 1),
  (35, 'Capacete Seguranca', 'Capacete de seguranca classe B', '16.5000', 'UN', '30.000', '300.000', 1),
  (36, 'Luva Nitrilica', 'Par de luva nitrilica antiderrapante', '5.8000', 'PA', '60.000', '600.000', 1),
  (37, 'Bota Seguranca', 'Bota de seguranca com biqueira', '79.0000', 'PA', '20.000', '200.000', 1),
  (38, 'Oculos Protecao', 'Oculos de protecao incolor', '9.2000', 'UN', '40.000', '400.000', 1);

INSERT INTO Produto_Fornecedor (id_produto, id_fornecedor, preco_negociado) VALUES
  (1, 1, '32.6473'),
  (2, 1, '19.6025'),
  (3, 1, '14.4983'),
  (4, 3, '98.0639'),
  (5, 3, '108.6069'),
  (6, 3, '101.9400'),
  (7, 2, '29.5287'),
  (8, 2, '44.6189'),
  (9, 2, '67.2217'),
  (10, 2, '12.2681'),
  (11, 2, '144.0563'),
  (12, 1, '792.1088'),
  (13, 1, '3.8337'),
  (14, 1, '1501.5642'),
  (15, 4, '55.3242'),
  (16, 4, '18.6329'),
  (17, 4, '1.2093'),
  (18, 4, '390.8857'),
  (19, 4, '34.9140'),
  (20, 5, '177.8071'),
  (21, 5, '280.9840'),
  (22, 5, '11.8981'),
  (23, 5, '42.4197'),
  (24, 5, '7.2675'),
  (25, 6, '244.6812'),
  (26, 6, '77.0845'),
  (27, 6, '131.3254'),
  (28, 6, '14.1935'),
  (29, 8, '37.4937'),
  (30, 8, '9.9417'),
  (31, 8, '97.5858'),
  (32, 8, '14.1922'),
  (33, 7, '282.8099'),
  (34, 7, '9.1911'),
  (35, 9, '17.1312'),
  (36, 9, '5.9097'),
  (37, 9, '79.6483'),
  (38, 9, '9.1506');

INSERT INTO Compra (id_compra, id_fornecedor, id_funcionario_comprador, cod_almoxarifado_destino, data_pedido, status_pedido, numero_nota_fiscal, valor_total_pedido) VALUES
  (1, 6, '6ba32359-f542-533f-940d-7fcaa381b0fd', 1, '2026-06-02 14:30:00', 'RECEBIDO', 'NF-001001', '19999.9141'),
  (2, 5, '6ba32359-f542-533f-940d-7fcaa381b0fd', 1, '2026-06-03 11:15:00', 'RECEBIDO', 'NF-001002', '17809.0174'),
  (3, 5, '9f2404b5-2d2e-595c-adaa-fb01b399752d', 1, '2026-06-04 08:15:00', 'RECEBIDO', 'NF-001003', '12650.6975'),
  (4, 5, '6ba32359-f542-533f-940d-7fcaa381b0fd', 1, '2026-06-04 13:00:00', 'CANCELADO', NULL, '12338.5556'),
  (5, 6, '6ba32359-f542-533f-940d-7fcaa381b0fd', 1, '2026-06-06 12:45:00', 'RECEBIDO', 'NF-001004', '17179.5240'),
  (6, 4, '6ba32359-f542-533f-940d-7fcaa381b0fd', 1, '2026-06-06 15:30:00', 'PENDENTE', NULL, '21449.3372'),
  (7, 5, '6ba32359-f542-533f-940d-7fcaa381b0fd', 1, '2026-06-08 09:00:00', 'RECEBIDO', 'NF-001005', '3834.3114'),
  (8, 1, '9f2404b5-2d2e-595c-adaa-fb01b399752d', 1, '2026-06-08 13:45:00', 'RECEBIDO', 'NF-001006', '52843.7260'),
  (9, 3, '9f2404b5-2d2e-595c-adaa-fb01b399752d', 1, '2026-06-09 14:15:00', 'RECEBIDO', 'NF-001007', '25199.2162'),
  (10, 6, '9f2404b5-2d2e-595c-adaa-fb01b399752d', 1, '2026-06-11 14:00:00', 'PENDENTE', NULL, '12688.8382'),
  (11, 5, '9f2404b5-2d2e-595c-adaa-fb01b399752d', 1, '2026-06-13 08:30:00', 'RECEBIDO', 'NF-001008', '18137.7752'),
  (12, 1, '6ba32359-f542-533f-940d-7fcaa381b0fd', 1, '2026-06-13 12:15:00', 'RECEBIDO', 'NF-001009', '49912.5825');

INSERT INTO Item_Compra (id_compra, id_produto, quantidade, preco_unitario_acordado) VALUES
  (1, 28, '105.000', '14.1935'),
  (1, 25, '36.000', '244.6812'),
  (1, 27, '41.000', '131.3254'),
  (1, 26, '56.000', '77.0845'),
  (2, 21, '50.000', '280.9840'),
  (2, 22, '152.000', '11.8981'),
  (2, 23, '46.000', '42.4197'),
  (3, 23, '79.000', '42.4197'),
  (3, 22, '139.000', '11.8981'),
  (3, 20, '43.000', '177.8071'),
  (4, 21, '39.000', '280.9840'),
  (4, 22, '116.000', '11.8981'),
  (5, 26, '55.000', '77.0845'),
  (5, 25, '35.000', '244.6812'),
  (5, 27, '25.000', '131.3254'),
  (5, 28, '77.000', '14.1935'),
  (6, 19, '79.000', '34.9140'),
  (6, 15, '144.000', '55.3242'),
  (6, 18, '20.000', '390.8857'),
  (6, 16, '156.000', '18.6329'),
  (7, 22, '144.000', '11.8981'),
  (7, 23, '50.000', '42.4197'),
  (8, 13, '3092.000', '3.8337'),
  (8, 14, '12.000', '1501.5642'),
  (8, 12, '29.000', '792.1088'),
  (9, 4, '91.400', '98.0639'),
  (9, 5, '95.900', '108.6069'),
  (9, 6, '57.100', '101.9400'),
  (10, 25, '32.000', '244.6812'),
  (10, 27, '37.000', '131.3254'),
  (11, 23, '88.000', '42.4197'),
  (11, 24, '245.000', '7.2675'),
  (11, 20, '71.000', '177.8071'),
  (12, 1, '546.000', '32.6473'),
  (12, 12, '34.000', '792.1088'),
  (12, 2, '263.000', '19.6025');

INSERT INTO Saida (id_saida, cod_almoxarifado_origem, id_funcionario_responsavel, tipo_saida, cod_almoxarifado_destino, data_saida, observacao) VALUES
  (1, 1, '46bc3951-eaa9-5d9b-862c-4db5d3cbeccc', 'TRANSFERENCIA', 2, '2026-06-02 08:00:00', 'Transferencia da sede para a obra'),
  (2, 4, '6ba32359-f542-533f-940d-7fcaa381b0fd', 'CONSUMO', NULL, '2026-06-02 12:00:00', 'Consumo de materiais na obra'),
  (3, 3, '98f63ed8-edb2-574b-a928-084fbaee7885', 'CONSUMO', NULL, '2026-06-03 08:40:00', 'Consumo de materiais na obra'),
  (4, 2, '81e048f9-d58b-54f4-b7dc-e1613e489bdc', 'CONSUMO', NULL, '2026-06-03 09:40:00', 'Consumo de materiais na obra'),
  (5, 4, '6ba32359-f542-533f-940d-7fcaa381b0fd', 'CONSUMO', NULL, '2026-06-03 13:20:00', 'Consumo de materiais na obra'),
  (6, 3, '98f63ed8-edb2-574b-a928-084fbaee7885', 'CONSUMO', NULL, '2026-06-03 15:00:00', 'Consumo de materiais na obra'),
  (7, 2, '81e048f9-d58b-54f4-b7dc-e1613e489bdc', 'CONSUMO', NULL, '2026-06-03 17:40:00', 'Consumo de materiais na obra'),
  (8, 4, '6ba32359-f542-533f-940d-7fcaa381b0fd', 'CONSUMO', NULL, '2026-06-04 08:20:00', 'Consumo de materiais na obra'),
  (9, 3, '98f63ed8-edb2-574b-a928-084fbaee7885', 'CONSUMO', NULL, '2026-06-04 09:20:00', 'Consumo de materiais na obra'),
  (10, 4, '6ba32359-f542-533f-940d-7fcaa381b0fd', 'CONSUMO', NULL, '2026-06-04 14:40:00', 'Consumo de materiais na obra'),
  (11, 2, '81e048f9-d58b-54f4-b7dc-e1613e489bdc', 'CONSUMO', NULL, '2026-06-05 09:20:00', 'Consumo de materiais na obra'),
  (12, 4, '6ba32359-f542-533f-940d-7fcaa381b0fd', 'CONSUMO', NULL, '2026-06-05 12:40:00', 'Consumo de materiais na obra'),
  (13, 2, '81e048f9-d58b-54f4-b7dc-e1613e489bdc', 'CONSUMO', NULL, '2026-06-05 14:20:00', 'Consumo de materiais na obra'),
  (14, 3, '98f63ed8-edb2-574b-a928-084fbaee7885', 'CONSUMO', NULL, '2026-06-05 16:40:00', 'Consumo de materiais na obra'),
  (15, 2, '81e048f9-d58b-54f4-b7dc-e1613e489bdc', 'CONSUMO', NULL, '2026-06-06 11:00:00', 'Consumo de materiais na obra'),
  (16, 4, '6ba32359-f542-533f-940d-7fcaa381b0fd', 'CONSUMO', NULL, '2026-06-06 11:00:00', 'Consumo de materiais na obra'),
  (17, 4, '6ba32359-f542-533f-940d-7fcaa381b0fd', 'CONSUMO', NULL, '2026-06-08 15:00:00', 'Consumo de materiais na obra'),
  (18, 2, '81e048f9-d58b-54f4-b7dc-e1613e489bdc', 'CONSUMO', NULL, '2026-06-08 15:20:00', 'Consumo de materiais na obra'),
  (19, 3, '98f63ed8-edb2-574b-a928-084fbaee7885', 'CONSUMO', NULL, '2026-06-09 09:40:00', 'Consumo de materiais na obra'),
  (20, 2, '81e048f9-d58b-54f4-b7dc-e1613e489bdc', 'CONSUMO', NULL, '2026-06-09 10:00:00', 'Consumo de materiais na obra'),
  (21, 3, '98f63ed8-edb2-574b-a928-084fbaee7885', 'CONSUMO', NULL, '2026-06-09 10:40:00', 'Consumo de materiais na obra'),
  (22, 1, '46bc3951-eaa9-5d9b-862c-4db5d3cbeccc', 'TRANSFERENCIA', 2, '2026-06-09 11:00:00', 'Transferencia da sede para a obra'),
  (23, 2, '81e048f9-d58b-54f4-b7dc-e1613e489bdc', 'CONSUMO', NULL, '2026-06-09 14:20:00', 'Consumo de materiais na obra'),
  (24, 3, '98f63ed8-edb2-574b-a928-084fbaee7885', 'CONSUMO', NULL, '2026-06-10 08:00:00', 'Consumo de materiais na obra'),
  (25, 4, '6ba32359-f542-533f-940d-7fcaa381b0fd', 'CONSUMO', NULL, '2026-06-10 10:20:00', 'Consumo de materiais na obra'),
  (26, 1, '46bc3951-eaa9-5d9b-862c-4db5d3cbeccc', 'TRANSFERENCIA', 3, '2026-06-10 12:00:00', 'Transferencia da sede para a obra'),
  (27, 2, '81e048f9-d58b-54f4-b7dc-e1613e489bdc', 'CONSUMO', NULL, '2026-06-10 13:00:00', 'Consumo de materiais na obra'),
  (28, 2, '81e048f9-d58b-54f4-b7dc-e1613e489bdc', 'CONSUMO', NULL, '2026-06-10 14:00:00', 'Consumo de materiais na obra'),
  (29, 4, '6ba32359-f542-533f-940d-7fcaa381b0fd', 'CONSUMO', NULL, '2026-06-10 17:40:00', 'Consumo de materiais na obra'),
  (30, 1, '46bc3951-eaa9-5d9b-862c-4db5d3cbeccc', 'TRANSFERENCIA', 2, '2026-06-11 08:00:00', 'Transferencia da sede para a obra'),
  (31, 2, '81e048f9-d58b-54f4-b7dc-e1613e489bdc', 'CONSUMO', NULL, '2026-06-11 09:20:00', 'Consumo de materiais na obra'),
  (32, 3, '98f63ed8-edb2-574b-a928-084fbaee7885', 'CONSUMO', NULL, '2026-06-11 09:40:00', 'Consumo de materiais na obra'),
  (33, 3, '98f63ed8-edb2-574b-a928-084fbaee7885', 'CONSUMO', NULL, '2026-06-11 10:00:00', 'Consumo de materiais na obra'),
  (34, 4, '6ba32359-f542-533f-940d-7fcaa381b0fd', 'CONSUMO', NULL, '2026-06-11 10:20:00', 'Consumo de materiais na obra'),
  (35, 4, '6ba32359-f542-533f-940d-7fcaa381b0fd', 'CONSUMO', NULL, '2026-06-11 13:00:00', 'Consumo de materiais na obra'),
  (36, 2, '81e048f9-d58b-54f4-b7dc-e1613e489bdc', 'CONSUMO', NULL, '2026-06-11 16:40:00', 'Consumo de materiais na obra'),
  (37, 1, '46bc3951-eaa9-5d9b-862c-4db5d3cbeccc', 'TRANSFERENCIA', 2, '2026-06-12 12:00:00', 'Transferencia da sede para a obra'),
  (38, 4, '6ba32359-f542-533f-940d-7fcaa381b0fd', 'CONSUMO', NULL, '2026-06-12 13:40:00', 'Consumo de materiais na obra'),
  (39, 2, '81e048f9-d58b-54f4-b7dc-e1613e489bdc', 'CONSUMO', NULL, '2026-06-12 16:20:00', 'Consumo de materiais na obra'),
  (40, 3, '98f63ed8-edb2-574b-a928-084fbaee7885', 'CONSUMO', NULL, '2026-06-12 16:20:00', 'Consumo de materiais na obra'),
  (41, 2, '81e048f9-d58b-54f4-b7dc-e1613e489bdc', 'CONSUMO', NULL, '2026-06-13 08:40:00', 'Consumo de materiais na obra'),
  (42, 1, '46bc3951-eaa9-5d9b-862c-4db5d3cbeccc', 'TRANSFERENCIA', 4, '2026-06-13 09:00:00', 'Transferencia da sede para a obra'),
  (43, 3, '98f63ed8-edb2-574b-a928-084fbaee7885', 'CONSUMO', NULL, '2026-06-13 12:20:00', 'Consumo de materiais na obra'),
  (44, 3, '98f63ed8-edb2-574b-a928-084fbaee7885', 'CONSUMO', NULL, '2026-06-13 14:00:00', 'Consumo de materiais na obra'),
  (45, 4, '6ba32359-f542-533f-940d-7fcaa381b0fd', 'CONSUMO', NULL, '2026-06-13 15:20:00', 'Consumo de materiais na obra'),
  (46, 2, '81e048f9-d58b-54f4-b7dc-e1613e489bdc', 'CONSUMO', NULL, '2026-06-13 17:00:00', 'Consumo de materiais na obra'),
  (47, 3, '98f63ed8-edb2-574b-a928-084fbaee7885', 'CONSUMO', NULL, '2026-06-15 11:00:00', 'Consumo de materiais na obra'),
  (48, 1, '46bc3951-eaa9-5d9b-862c-4db5d3cbeccc', 'TRANSFERENCIA', 3, '2026-06-15 12:00:00', 'Transferencia da sede para a obra'),
  (49, 2, '81e048f9-d58b-54f4-b7dc-e1613e489bdc', 'CONSUMO', NULL, '2026-06-15 13:40:00', 'Consumo de materiais na obra');

INSERT INTO Saida_Item (id_saida, id_produto, quantidade) VALUES
  (1, 29, '43.000'),
  (1, 38, '48.000'),
  (1, 7, '119.000'),
  (2, 1, '76.000'),
  (2, 22, '12.000'),
  (3, 17, '73.000'),
  (3, 28, '8.000'),
  (4, 33, '3.000'),
  (4, 12, '1.000'),
  (5, 13, '456.000'),
  (5, 21, '3.000'),
  (6, 5, '2.400'),
  (7, 32, '18.000'),
  (8, 27, '1.000'),
  (8, 18, '4.000'),
  (9, 21, '3.000'),
  (9, 5, '3.200'),
  (9, 35, '20.000'),
  (9, 6, '3.300'),
  (10, 32, '12.000'),
  (10, 22, '7.000'),
  (10, 14, '1.000'),
  (10, 16, '14.000'),
  (11, 3, '11.000'),
  (11, 18, '2.000'),
  (11, 17, '188.000'),
  (12, 5, '5.200'),
  (12, 30, '18.000'),
  (12, 22, '5.000'),
  (13, 8, '27.000'),
  (13, 16, '17.000'),
  (14, 20, '7.000'),
  (14, 27, '3.000'),
  (15, 12, '3.000'),
  (16, 24, '15.000'),
  (16, 10, '15.100'),
  (16, 19, '5.000'),
  (17, 15, '9.000'),
  (18, 26, '5.000'),
  (18, 9, '18.000'),
  (19, 6, '2.100'),
  (19, 25, '7.000'),
  (20, 29, '33.000'),
  (20, 24, '36.000'),
  (20, 27, '4.000'),
  (20, 17, '97.000'),
  (21, 13, '367.000'),
  (21, 28, '9.000'),
  (21, 34, '23.000'),
  (21, 20, '2.000'),
  (22, 1, '131.000'),
  (22, 26, '49.000'),
  (22, 17, '230.000'),
  (23, 21, '6.000'),
  (23, 8, '19.000'),
  (23, 32, '11.000'),
  (23, 7, '13.000'),
  (24, 10, '20.300'),
  (25, 27, '2.000'),
  (25, 1, '20.000'),
  (25, 15, '10.000'),
  (25, 38, '20.000'),
  (26, 26, '22.000'),
  (26, 10, '47.700'),
  (27, 3, '11.000'),
  (27, 36, '23.000'),
  (28, 32, '8.000'),
  (28, 36, '28.000'),
  (28, 4, '3.500'),
  (28, 3, '6.000'),
  (29, 32, '7.000'),
  (29, 2, '16.000'),
  (29, 1, '38.000'),
  (30, 21, '30.000'),
  (30, 26, '23.000'),
  (30, 15, '17.000'),
  (31, 23, '12.000'),
  (31, 20, '3.000'),
  (31, 33, '1.000'),
  (32, 1, '23.000'),
  (32, 33, '1.000'),
  (32, 4, '5.500'),
  (33, 21, '5.000'),
  (33, 38, '26.000'),
  (34, 37, '11.000'),
  (34, 1, '29.000'),
  (34, 13, '315.000'),
  (34, 22, '4.000'),
  (35, 22, '5.000'),
  (35, 5, '1.800'),
  (36, 24, '22.000'),
  (36, 25, '7.000'),
  (36, 21, '15.000'),
  (37, 36, '75.000'),
  (37, 11, '9.000'),
  (37, 25, '28.000'),
  (38, 13, '130.000'),
  (38, 21, '2.000'),
  (38, 3, '37.000'),
  (38, 26, '8.000'),
  (39, 2, '38.000'),
  (39, 38, '19.000'),
  (40, 11, '9.000'),
  (40, 27, '2.000'),
  (40, 9, '29.000'),
  (41, 16, '3.000'),
  (41, 37, '11.000'),
  (41, 32, '1.000'),
  (41, 2, '26.000'),
  (42, 14, '9.000'),
  (42, 1, '107.000'),
  (43, 33, '3.000'),
  (43, 30, '9.000'),
  (43, 1, '21.000'),
  (44, 26, '2.000'),
  (44, 9, '29.000'),
  (44, 28, '4.000'),
  (45, 15, '4.000'),
  (45, 3, '21.000'),
  (45, 19, '7.000'),
  (45, 1, '16.000'),
  (46, 20, '4.000'),
  (46, 13, '423.000'),
  (47, 19, '14.000'),
  (47, 20, '5.000'),
  (47, 5, '0.900'),
  (48, 16, '57.000'),
  (48, 25, '14.000'),
  (48, 5, '47.200'),
  (49, 38, '7.000');

INSERT INTO Estoque (id_produto, cod_almoxarifado, quantidade, ultima_atualizacao) VALUES
  (1, 1, '900.000', '2026-06-15 18:00:00'),
  (1, 2, '131.000', '2026-06-15 18:00:00'),
  (1, 3, '100.000', '2026-06-15 18:00:00'),
  (1, 4, '151.000', '2026-06-15 18:00:00'),
  (2, 1, '643.000', '2026-06-15 18:00:00'),
  (2, 2, '52.000', '2026-06-15 18:00:00'),
  (2, 4, '47.000', '2026-06-15 18:00:00'),
  (3, 1, '319.000', '2026-06-15 18:00:00'),
  (3, 2, '41.000', '2026-06-15 18:00:00'),
  (3, 4, '49.000', '2026-06-15 18:00:00'),
  (4, 1, '197.500', '2026-06-15 18:00:00'),
  (4, 2, '14.300', '2026-06-15 18:00:00'),
  (4, 3, '17.800', '2026-06-15 18:00:00'),
  (5, 1, '133.300', '2026-06-15 18:00:00'),
  (5, 2, '21.500', '2026-06-15 18:00:00'),
  (5, 3, '53.700', '2026-06-15 18:00:00'),
  (5, 4, '13.700', '2026-06-15 18:00:00'),
  (6, 1, '124.900', '2026-06-15 18:00:00'),
  (6, 3, '9.200', '2026-06-15 18:00:00'),
  (7, 1, '416.000', '2026-06-15 18:00:00'),
  (7, 2, '106.000', '2026-06-15 18:00:00'),
  (8, 1, '537.000', '2026-06-15 18:00:00'),
  (8, 2, '121.000', '2026-06-15 18:00:00'),
  (8, 4, '95.000', '2026-06-15 18:00:00'),
  (9, 1, '297.000', '2026-06-15 18:00:00'),
  (9, 2, '46.000', '2026-06-15 18:00:00'),
  (9, 3, '47.000', '2026-06-15 18:00:00'),
  (9, 4, '65.000', '2026-06-15 18:00:00'),
  (10, 1, '125.200', '2026-06-15 18:00:00'),
  (10, 3, '117.800', '2026-06-15 18:00:00'),
  (10, 4, '53.500', '2026-06-15 18:00:00'),
  (11, 1, '84.000', '2026-06-15 18:00:00'),
  (11, 2, '9.000', '2026-06-15 18:00:00'),
  (11, 3, '15.000', '2026-06-15 18:00:00'),
  (12, 1, '103.000', '2026-06-15 18:00:00'),
  (12, 2, '9.000', '2026-06-15 18:00:00'),
  (12, 3, '8.000', '2026-06-15 18:00:00'),
  (13, 1, '8573.000', '2026-06-15 18:00:00'),
  (13, 2, '1058.000', '2026-06-15 18:00:00'),
  (13, 3, '1095.000', '2026-06-15 18:00:00'),
  (13, 4, '395.000', '2026-06-15 18:00:00'),
  (14, 1, '23.000', '2026-06-15 18:00:00'),
  (14, 4, '12.000', '2026-06-15 18:00:00'),
  (15, 1, '152.000', '2026-06-15 18:00:00'),
  (15, 2, '61.000', '2026-06-15 18:00:00'),
  (15, 3, '58.000', '2026-06-15 18:00:00'),
  (15, 4, '14.000', '2026-06-15 18:00:00'),
  (16, 1, '140.000', '2026-06-15 18:00:00'),
  (16, 2, '34.000', '2026-06-15 18:00:00'),
  (16, 3, '57.000', '2026-06-15 18:00:00'),
  (16, 4, '30.000', '2026-06-15 18:00:00'),
  (17, 1, '1161.000', '2026-06-15 18:00:00'),
  (17, 2, '428.000', '2026-06-15 18:00:00'),
  (17, 3, '503.000', '2026-06-15 18:00:00'),
  (18, 1, '36.000', '2026-06-15 18:00:00'),
  (18, 2, '8.000', '2026-06-15 18:00:00'),
  (18, 3, '14.000', '2026-06-15 18:00:00'),
  (18, 4, '8.000', '2026-06-15 18:00:00'),
  (19, 1, '92.000', '2026-06-15 18:00:00'),
  (19, 2, '44.000', '2026-06-15 18:00:00'),
  (19, 3, '25.000', '2026-06-15 18:00:00'),
  (19, 4, '16.000', '2026-06-15 18:00:00'),
  (20, 1, '194.000', '2026-06-15 18:00:00'),
  (20, 2, '8.000', '2026-06-15 18:00:00'),
  (20, 3, '10.000', '2026-06-15 18:00:00'),
  (20, 4, '19.000', '2026-06-15 18:00:00'),
  (21, 1, '71.000', '2026-06-15 18:00:00'),
  (21, 2, '29.000', '2026-06-15 18:00:00'),
  (21, 3, '10.000', '2026-06-15 18:00:00'),
  (21, 4, '7.000', '2026-06-15 18:00:00'),
  (22, 1, '581.000', '2026-06-15 18:00:00'),
  (22, 3, '60.000', '2026-06-15 18:00:00'),
  (22, 4, '11.000', '2026-06-15 18:00:00'),
  (23, 1, '357.000', '2026-06-15 18:00:00'),
  (23, 2, '31.000', '2026-06-15 18:00:00'),
  (24, 1, '634.000', '2026-06-15 18:00:00'),
  (24, 2, '63.000', '2026-06-15 18:00:00'),
  (24, 3, '142.000', '2026-06-15 18:00:00'),
  (24, 4, '82.000', '2026-06-15 18:00:00'),
  (25, 1, '77.000', '2026-06-15 18:00:00'),
  (25, 2, '39.000', '2026-06-15 18:00:00'),
  (25, 3, '30.000', '2026-06-15 18:00:00'),
  (26, 1, '100.000', '2026-06-15 18:00:00'),
  (26, 2, '95.000', '2026-06-15 18:00:00'),
  (26, 3, '20.000', '2026-06-15 18:00:00'),
  (26, 4, '23.000', '2026-06-15 18:00:00'),
  (27, 1, '111.000', '2026-06-15 18:00:00'),
  (27, 2, '10.000', '2026-06-15 18:00:00'),
  (27, 3, '5.000', '2026-06-15 18:00:00'),
  (27, 4, '8.000', '2026-06-15 18:00:00'),
  (28, 1, '315.000', '2026-06-15 18:00:00'),
  (28, 2, '36.000', '2026-06-15 18:00:00'),
  (28, 3, '12.000', '2026-06-15 18:00:00'),
  (29, 1, '171.000', '2026-06-15 18:00:00'),
  (29, 2, '71.000', '2026-06-15 18:00:00'),
  (29, 4, '58.000', '2026-06-15 18:00:00'),
  (30, 1, '292.000', '2026-06-15 18:00:00'),
  (30, 3, '52.000', '2026-06-15 18:00:00'),
  (30, 4, '50.000', '2026-06-15 18:00:00'),
  (31, 1, '149.000', '2026-06-15 18:00:00'),
  (32, 1, '145.000', '2026-06-15 18:00:00'),
  (32, 2, '14.000', '2026-06-15 18:00:00'),
  (32, 4, '19.000', '2026-06-15 18:00:00'),
  (33, 1, '23.000', '2026-06-15 18:00:00'),
  (33, 2, '7.000', '2026-06-15 18:00:00'),
  (33, 3, '8.000', '2026-06-15 18:00:00'),
  (34, 1, '222.000', '2026-06-15 18:00:00'),
  (34, 3, '76.000', '2026-06-15 18:00:00'),
  (35, 1, '183.000', '2026-06-15 18:00:00'),
  (35, 2, '51.000', '2026-06-15 18:00:00'),
  (35, 3, '65.000', '2026-06-15 18:00:00'),
  (36, 1, '215.000', '2026-06-15 18:00:00'),
  (36, 2, '132.000', '2026-06-15 18:00:00'),
  (36, 3, '112.000', '2026-06-15 18:00:00'),
  (36, 4, '135.000', '2026-06-15 18:00:00'),
  (37, 1, '121.000', '2026-06-15 18:00:00'),
  (37, 2, '50.000', '2026-06-15 18:00:00'),
  (37, 3, '30.000', '2026-06-15 18:00:00'),
  (37, 4, '49.000', '2026-06-15 18:00:00'),
  (38, 1, '167.000', '2026-06-15 18:00:00'),
  (38, 2, '22.000', '2026-06-15 18:00:00'),
  (38, 3, '48.000', '2026-06-15 18:00:00'),
  (38, 4, '38.000', '2026-06-15 18:00:00');
COMMIT;
